{
    "settings": {
        "selected_data_set": "Dataset 2",
        "selected_sequence": "Steelmaking Sequence"
    },
    "tags": {
        "0x001A79": {
            "tag_type": "Crane",
            "battery": 50,
            "location": [
                72.37025316455697,
                29.25283018867925,
                3.7511111111111117
                36.18512658227848,
                31.47547169811321,
                4.046666666666665
            ],
            "timestamp": 1726451163.178
            "timestamp": 1726451307.244
        },
        "0x001A2C": {
            "tag_type": "Operator",
            "battery": 50,
            "location": [
                4.699367088607597,
                23.732075471698113,
                6.411111111111111
                37.312974683544304,
                31.833962264150948,
                3.16
            ],
            "timestamp": 1726451163.089
            "timestamp": 1726451307.023
        }
    },
    "alerts": []
}